,Aaron Julin,,,,Brad Smith,,,,Dave Cooper
,Aaron Kirby,,,,Bruce Valentine,,,,Dave Gramlich
,Aaron Webber,,,,Bryan Banta,,,,Dave Lucas
,Adam Krueger,,,,Cameron Sharman,,,,Dave Murtha
,AJ Jaussaud,,,,Cameron Shirley,,,,Dave Weisblum
,Alan Rodriguez,,,,Carl Schori,,,,David Falzone
,Alex Torres,,,,Carla Olynyk,,,,David Lackey
,Andrew Olson,,,,Case Conover,,,,David Welty
,Andrew Pullin,,,,Chad Roberts,,,,Deanna Chan
,Andrew Rankin,,,,Charlie Mead,,,,Dennis Condos
,Andy Bell,,,,Cheney Steininger,,,,Dennis Warsen
,Andy Dickey,,,,Chris D'Agostino,,,,Devin Kinney
,Andy Lincoff,,,,Chris Fitzsimmons,,,,Dino Papagni
,Andy Sommers,,,,Chris Hart,,,,Doug Coe
,Anne Farrell,,,,Chris Isom,,,,Doug Perlich
,Anni Kreml,,,,Chris Manno,,,,Dusty Prock
,Ansalie Newman,,,,Chris Parsons,,,,Dylan Cantu
,Ari Freedman,,,,Chris Pescatello,,,,Eric Ambrecht
,Ben Eickenberg,,,,Chris Poole,,,,Eric Fitzsimmons
,Ben Groves,,,,Chris Smith,,,,Eric Forsberg
,Ben Neely,,,,Colin Crawford-Martin,,,,Eric Ramirez
,Bill Emmack,,,,Cory Hathaway,,,,Erik Lukehart
,Billy Manger,,,,Curtis Bauer,,,,Ernie Rogers
,Blake Larson,,,,Dale Gatlin,,,,Evan Sjostrom
,Bob Montes,,,,Dan Aas,,,,Felipe Wong
,Bobby Hoellwarth,,,,Dan Duffield,,,,Francisco Hernandez
,Booth Burrows,,,,Dan Gottheiner,,,,Frankie Doherty
,Brad Hart,,,,Daniel Diodato,,,,George Astin
,,,,,,,,,
,George Ross,,,,Jesse Rudner,,,,Luis Celeste
,Gonzalo Arestizabal,,,,Jesse Walton,,,,Luke Walton
,Graham Kiple,,,,Jessie Dickey,,,,Marco Benitez
,Greg Breazeale,,,,John JP Pariury,,,,Mark Emmons
,Greg Mann,,,,John Owen,,,,Mark Pelzner
,Greg Randolph,,,,John Siegfried,,,,Mark Simpson
,Gregg LaComb,,,,Jon Braidman,,,,Marshall Martin
,Greywing Cooper,,,,Jon Toby,,,,Matt Barklay
,Harry Snodgrass,,,,Jonah Schmidt,,,,Matt Brenner
,Hunt Hyde,,,,Jordan Brooker,,,,Matt Christie
,Isaac Raines,,,,Jose Yasul,,,,Matt Gibbs
,Jabir Ponce,,,,Joseph Wharton,,,,Matt Keebler
,James Teets,,,,Josh Haberman,,,,Matt Kelly
,Jamie Arambula,,,,Josh Yokum,,,,Matt Morley
,Jaques Duhon,,,,Juan Fielding,,,,Matt Neiman
,Jason Cantero,,,,Kelley Owen,,,,Matt Rowe
,Jason Chinn,,,,Kelsey Wilmerding,,,,Matty Angell
,JB Beernink,,,,Kenneth Vierra ,,,,Michael Courvoisier
,JC Garcia,,,,Kevin Couch,,,,"Mike ""Mac"" Castillo"
,Jeff Faes,,,,Kevin Eckert,,,,Mike Arsiniega
,Jeff Fiedler,,,,Kevin Gilbert,,,,Mike Bulich
,Jeff Thomas,,,,Kevin Kelley,,,,Mike Cozzens
,Jeremy Leeds,,,,Kevin Smeds,,,,Mike Degnan
,Jeremy Quick,,,,Kyle Normand,,,,Mike Hoellwarth
,Jesse Au,,,,Kyle Orndorff,,,,Mike Imlay
,Jesse Hast,,,,Kyle Perry,,,,Mike Johnson
,Jesse Humchand,,,,Les Swift,,,,Mike Lee
,Jesse Miller,,,,Liz (bizzel friend),,,,Mike Pease
,,,,,,,,,
,Mike Peremba,,,,Robbie Demarco,,,,Travis Miranda
,Mike Vaca,,,,Roger Cansler,,,,Travis Simpson
,Mike Wilson,,,,Ross Hammond,,,,Travis Stone
,Nate Lachance,,,,Ryan Moffett,,,,Val St. Louis
,Nate Stone,,,,Sam Goldenberg,,,,Vince Mardigras
,Nate Tilman,,,,Sam Reader,,,,Walt Vanderschraaf
,Neal Hoellwarth,,,,Sarah Fernandez,,,,Will Roller
,Neil Bondy,,,,Satchel Douglas,,,,Yumin He
,Nelson Hernandez,,,,Scott Anderson,,,,Zac Pape
,Nick Arnett,,,,Scott Badovick,,,,
,Nick Calabrese,,,,Scott Bishop,,,,
,Oakgrove Johnny,,,,Scott Riley,,,,
,Parry Wolfe,,,,Scott Snyder,,,,
,Pat Heath,,,,Sean English,,,,
,Patrick Brown,,,,Sean Jack,,,,
,Patrick Polach,,,,Sean Scrubby,,,,
,Patrick Wood,,,,Steve Erle,,,,
,Pento Malekzadeh,,,,Steve Keller,,,,
,Pete D'Agostino,,,,Steve Willis,,,,
,Peter Augustine,,,,Stockton Goldie,,,,
,Peter King,,,,Stockton Josh,,,,
,Peter Sontag,,,,Stocton Johnny,,,,
,Rex Crossen,,,,Tim Anderson,,,,
,Rhett Appleston,,,,Tim Smith,,,,
,Richard Wright,,,,Tim Walker,,,,
,Rob Byers,,,,Toby Parks,,,,
,Rob Ryan,,,,Todd Kurnat,,,,
,Rob Sindelar,,,,Tony Shirley,,,,
,,,,,,,,,
,,,,,,,,,
,,,,,,,,,
,,,,,,,,,
,,,,,,,,,
,,,,,,,,,
,,,,,,,,,
,,,,,,,,,
,,,,,,,,,
,,,,,,,,,
,,,,,,,,,
,,,,,,,,,
,,,,,,,,,
,,,,,,,,,
,,,,,,,,,
,,,,,,,,,
,,,,,,,,,
,,,,,,,,,
,,,,,,,,,
,,,,,,,,,
,,,,,,,,,
,,,,,,,,,
,,,,,,,,,
,,,,,,,,,
,,,,,,,,,
,,,,,,,,,
,,,,,,,,,
,,,,,,,,,
,,,,,,,,,
,,,,,,,,,
,,,,,,,,,
,,,,,,,,,
,,,,,,,,,
,,,,,,,,,
,,,,,,,,,
,,,,,,,,,
,,,,,,,,,
,,,,,,,,,
,,,,,,,,,
,,,,,,,,,
,,,,,,,,,
,,,,,,,,,
,,,,,,,,,
,,,,,,,,,
,,,,,,,,,
,,,,,,,,,
,,,,,,,,,
,,,,,,,,,
,,,,,,,,,
,,,,,,,,,
,,,,,,,,,
,,,,,,,,,
,,,,,,,,,
,,,,,,,,,
,,,,,,,,,
,,,,,,,,,
,,,,,,,,,
,,,,,,,,,
,,,,,,,,,
,,,,,,,,,
,,,,,,,,,
,,,,,,,,,
,,,,,,,,,
,,,,,,,,,
,,,,,,,,,
,,,,,,,,,
,,,,,,,,,
,,,,,,,,,
,,,,,,,,,
,,,,,,,,,
,,,,,,,,,
,,,,,,,,,
,,,,,,,,,
,,,,,,,,,
,,,,,,,,,
,,,,,,,,,
,,,,,,,,,
,,,,,,,,,
,,,,,,,,,
,,,,,,,,,
,,,,,,,,,
,,,,,,,,,
,,,,,,,,,
,,,,,,,,,
,,,,,,,,,
,,,,,,,,,
,,,,,,,,,
,,,,,,,,,
,,,,,,,,,
,,,,,,,,,
,,,,,,,,,
,,,,,,,,,
,,,,,,,,,
,,,,,,,,,
,,,,,,,,,
,,,,,,,,,
,,,,,,,,,
,,,,,,,,,
,,,,,,,,,
,,,,,,,,,
,,,,,,,,,
,,,,,,,,,
,,,,,,,,,
,,,,,,,,,
,,,,,,,,,
,,,,,,,,,
,,,,,,,,,
,,,,,,,,,
,,,,,,,,,
,,,,,,,,,
,,,,,,,,,
,,,,,,,,,
,,,,,,,,,
,,,,,,,,,
,,,,,,,,,
,,,,,,,,,
,,,,,,,,,
,,,,,,,,,
,,,,,,,,,
,,,,,,,,,
,,,,,,,,,
,,,,,,,,,
,,,,,,,,,
,,,,,,,,,
,,,,,,,,,
,,,,,,,,,
,,,,,,,,,
,,,,,,,,,
,,,,,,,,,
,,,,,,,,,
,,,,,,,,,
,,,,,,,,,
,,,,,,,,,
,,,,,,,,,
,,,,,,,,,
,,,,,,,,,
,,,,,,,,,
,,,,,,,,,
,,,,,,,,,
,,,,,,,,,
,,,,,,,,,
,,,,,,,,,
,,,,,,,,,
,,,,,,,,,
,,,,,,,,,
,,,,,,,,,
,,,,,,,,,
,,,,,,,,,
,,,,,,,,,
