,,,,name,,,,
Patrick Brown,180, 11.88 ,,Andy Nguyen,,,,
Roger Cansler,9, 11.08 ,,Beau Griffin,,,,
Cheyney Steininger,72, 9.50 ,,Brent Allard,,,,
Jeff Faes,137, 9.41 ,,Chris Isom,,,,
Doug Jensen,89, 9.09 ,,Chris Isom,,,,
Dave Wood,4, 8.62 ,,Dan Buck,,,,
Stick Williams,213, 8.37 ,,Dan Tarango,,,,
David Welty,9, 8.33 ,,David Falzone,,,,
Danny Kerfeld,71, 8.33 ,,David Lackey,,,,
Chris Addiego,6, 8.30 ,,Derf Lewis,,,,
Avery Jenkins,3, 8.25 ,,Erica Norton,,,,
Hunt Hyde,101, 8.24 ,,Ernesto Rogers,,,,
David Waisblum,93, 8.15 ,,James Metzger,,,,
Sean Scruby,42, 8.01 ,,Jeff Faes,,,,
Brian Hendersen,5, 7.98 ,,Jesse Kerfeld,,,,
Jeff Fiedler,105, 7.92 ,,Matt Barclay,,,,
Jesse Kerfeld,41, 7.88 ,,Max Rosen,,,,
"Scott ""Bizzle"" Badovick",215, 7.65 ,,Michael Infusino,,,,
Greg Breazeale,178, 7.61 ,,Nathan La Chance,,,,
Matt Shustack,33, 7.56 ,,Nicholas Calabrese,,,,
Matt Brenner,225, 7.38 ,,Nick Norena,,,,
Todd Kurnat,190, 7.29 ,,Ron Hanhy,,,,
George Ross,67, 7.20 ,,Sean Jack,,,,
Shawn Mercy,115, 7.16 ,,Shawn Mercy,,,,
Dave Burnham,39, 7.11 ,,Shawn Mercy,,,,
Brandon Andre,11, 7.09 ,,Steve Erle,,,,
Toby Parks,21, 7.02 ,,,,,,
Chris Pescatello,78, 6.93 ,,,,,,
Peter Sontag,22, 6.80 ,,,,,,
Kary Roges,4, 6.60 ,,,,,,
Mike Peremba,91, 6.53 ,,,,,,
Tim Ittner,35, 6.53 ,,,,,,
Dino Papagni,239, 6.48 ,,,,,,
Dale Gatlin,28, 6.44 ,,,,,,
Greg Stevenson,12, 6.40 ,,,,,,
Ross Hammond,69, 6.39 ,,,,,,
Blake Zealear,42, 6.35 ,,,,,,
Jason Cantero,26, 6.35 ,,,,,,
David Lackey,162, 6.30 ,,,,,,
Evan Sjostrom,116, 6.30 ,,,,,,
Les Swift,159, 6.30 ,,,,,,
Josh Cook,12, 6.30 ,,,,,,
Kevin Couch,39, 6.26 ,,,,,,
Doug Mitchell,263, 6.21 ,,,,,,
Bryan Banta,92, 6.17 ,,,,,,
Seth Blacher,9, 6.08 ,,,,,,
Steve Erle,72, 6.03 ,,,,,,
Dan Santini,169, 5.99 ,,,,,,
Matt Kelly,18, 5.99 ,,,,,,
Ron Junker,7, 5.90 ,,,,,,
Scott Riley,47, 5.90 ,,,,,,
Kevin Gilbert,14, 5.90 ,,,,,,
Andy Leaf,152, 5.81 ,,,,,,
James Rossetti,65, 5.76 ,,,,,,
Mike Coleman,87, 5.72 ,,,,,,
Scott Kay,80, 5.63 ,,,,,,
Rob Byers,20, 5.58 ,,,,,,
Tristan Kolkhorst,40, 5.58 ,,,,,,
Robert Nguyen,47, 5.58 ,,,,,,
Josh Mitts,10, 5.57 ,,,,,,
Steve Moravec,3, 5.50 ,,,,,,
Wilson Linker,6, 5.50 ,,,,,,
Jabir Ponce,77, 5.49 ,,,,,,
Dennis Warsen,154, 5.40 ,,,,,,
Sean Jack,201, 5.31 ,,,,,,
Dave Brownlow,23, 5.27 ,,,,,,
Mike Harter,154, 5.22 ,,,,,,
Joe Graham,181, 5.13 ,,,,,,
Orion Sylvester,124, 5.13 ,,,,,,
Steve Archuleta,102, 5.13 ,,,,,,
Bob Montes,11, 5.12 ,,,,,,
Parry Wolfe,39, 5.09 ,,,,,,
Dylan Cantu,36, 5.09 ,,,,,,
Ruben Gonzales,12, 5.05 ,,,,,,
Mark Tegenkamp,51, 5.04 ,,,,,,
Jeff Swanson,6, 5.00 ,,,,,,
Chika Nii,33, 4.95 ,,,,,,
JB Beernink,32, 4.95 ,,,,,,
Geoff Forrey,4, 4.95 ,,,,,,
Kris Mickelson,81, 4.91 ,,,,,,
Tony Newman,23, 4.82 ,,,,,,
Matt Angel,7, 4.80 ,,,,,,
Nick Peters,17, 4.77 ,,,,,,
Steve Willis,54, 4.73 ,,,,,,
Tim Acker,28, 4.73 ,,,,,,
Kevin Eckert,183, 4.68 ,,,,,,
Steve Hines,8, 4.67 ,,,,,,
Booth Burrows,137, 4.64 ,,,,,,
Josh Haberman,88, 4.64 ,,,,,,
John Child,4, 4.58 ,,,,,,
Patrick Polach,10, 4.57 ,,,,,,
Michael Chulada,73, 4.50 ,,,,,,
Joel Johnson,101, 4.46 ,,,,,,
Pat Heath,53, 4.46 ,,,,,,
Gregg LaComb,88, 4.41 ,,,,,,
Greg Allpow,3, 4.40 ,,,,,,
Nic Kons,13, 4.40 ,,,,,,
Tateki Noma,3, 4.40 ,,,,,,
Andy Painter,91, 4.37 ,,,,,,
Jeff David,13, 4.35 ,,,,,,
Paul Dobson,58, 4.32 ,,,,,,
Zachary Looper-Friedman,63, 4.28 ,,,,,,
James Costa,24, 4.23 ,,,,,,
Ryan Dexter,29, 4.23 ,,,,,,
Jack Kaufusi,4, 4.22 ,,,,,,
Gregg Scott,11, 4.16 ,,,,,,
Ben Neely,56, 4.05 ,,,,,,
Brandon Langston,4, 4.03 ,,,,,,
Marvin Arostegui,3, 4.03 ,,,,,,
Mike Imlay,24, 4.01 ,,,,,,
Daniel Christensen,100, 3.92 ,,,,,,
Niko deVries,107, 3.92 ,,,,,,
Scott Snyder,159, 3.92 ,,,,,,
Jason Tindell,160, 3.87 ,,,,,,
Chase Lawler,92, 3.83 ,,,,,,
Chris Roehm,59, 3.83 ,,,,,,
Dave Mairs,77, 3.78 ,,,,,,
Mike Figueroa,85, 3.78 ,,,,,,
Jason Stevens,26, 3.69 ,,,,,,
Mike Newton,36, 3.69 ,,,,,,
Eric Laughlin,3, 3.67 ,,,,,,
James Cebrian,45, 3.65 ,,,,,,
Ben Parsons,35, 3.56 ,,,,,,
Jesse Miller,26, 3.56 ,,,,,,
Patrick Knight,14, 3.51 ,,,,,,
Peter Black,104, 3.51 ,,,,,,
Mustang Harris,19, 3.51 ,,,,,,
Teddy Hubbard,4, 3.48 ,,,,,,
Nathan La Chance,30, 3.47 ,,,,,,
Marcus Volhontseff,5, 3.44 ,,,,,,
Kyle Orndorff,11, 3.43 ,,,,,,
Nick Arnett,10, 3.43 ,,,,,,
Brett Buntjer,7, 3.40 ,,,,,,
Peter Schaefer,31, 3.33 ,,,,,,
Lance Landgren,5, 3.30 ,,,,,,
Tracy Crowder,3, 3.30 ,,,,,,
Brandon Lohmann,6, 3.30 ,,,,,,
Alan Owings,35, 3.29 ,,,,,,
David Falzone,83, 3.29 ,,,,,,
David Haning,37, 3.29 ,,,,,,
Oren Bame,20, 3.29 ,,,,,,
Michael Lambert,12, 3.25 ,,,,,,
Jonah Schmidt,54, 3.24 ,,,,,,
Rob Levander,69, 3.20 ,,,,,,
Erik Lukehart,9, 3.08 ,,,,,,
Eric Leaf,168, 3.06 ,,,,,,
Foulad Albadeh,147, 3.06 ,,,,,,
Derek Phelan,106, 3.02 ,,,,,,
V Allario,13, 3.00 ,,,,,,
James Graves,15, 2.97 ,,,,,,
Mark Pelzner,42, 2.97 ,,,,,,
Paul Bucari,31, 2.97 ,,,,,,
Phelix Roby,13, 2.95 ,,,,,,
James Thomas,4, 2.93 ,,,,,,
Bob Wigersma,245, 2.93 ,,,,,,
Kenny Holowatch,7, 2.90 ,,,,,,
Michael Lopez,20, 2.88 ,,,,,,
Jesse Hast,105, 2.84 ,,,,,,
Josh Yocum,15, 2.84 ,,,,,,
Patrick Wood,148, 2.84 ,,,,,,
Jonathan Owen,12, 2.80 ,,,,,,
Steven Hines,28, 2.79 ,,,,,,
Travis Simpson,27, 2.79 ,,,,,,
Jason Barr,9, 2.75 ,,,,,,
Garrett Freberg,5, 2.75 ,,,,,,
Kevin Smeds,219, 2.75 ,,,,,,
David Idell,10, 2.71 ,,,,,,
Max Rosen,50, 2.70 ,,,,,,
Andrew Dickey,20, 2.66 ,,,,,,
Eldridge Manchester,16, 2.66 ,,,,,,
Joel Tondreau,153, 2.66 ,,,,,,
Jon Toby,273, 2.66 ,,,,,,
Pete D'Agostino,24, 2.66 ,,,,,,
Don Pierotti,101, 2.61 ,,,,,,
Ernie Rogers,60, 2.61 ,,,,,,
William Matheny IV,48, 2.61 ,,,,,,
Derek Meyers,25, 2.61 ,,,,,,
Adam Quinn,4, 2.57 ,,,,,,
Terry Woods,3, 2.57 ,,,,,,
Roger Crain,51, 2.57 ,,,,,,
Doug Perlich,21, 2.52 ,,,,,,
Mikey Vaca,13, 2.50 ,,,,,,
Bryan Coggins,26, 2.48 ,,,,,,
Greywing Cooper,11, 2.48 ,,,,,,
Matt Roulette,5, 2.48 ,,,,,,
Jake Schultz,12, 2.45 ,,,,,,
Bill Emmack,178, 2.43 ,,,,,,
Khyber Easton,30, 2.43 ,,,,,,
Bobby Hoellwarth,39, 2.39 ,,,,,,
James Schindler,26, 2.34 ,,,,,,
Nick Guinness,9, 2.33 ,,,,,,
Beau Griffin,13, 2.30 ,,,,,,
Life Gibson,149, 2.30 ,,,,,,
Ari Freedman,32, 2.30 ,,,,,,
Mike Nejad,124, 2.25 ,,,,,,
Bob Diamond,3, 2.20 ,,,,,,
Mike Castillo,3, 2.20 ,,,,,,
Michael Courvoisier,7, 2.20 ,,,,,,
Brian Doris,7, 2.20 ,,,,,,
Eric Forsberg,18, 2.16 ,,,,,,
Glenn Murray,109, 2.12 ,,,,,,
Kale Jessen,14, 2.12 ,,,,,,
Marco Benites,32, 2.07 ,,,,,,
Jon Siegfried,4, 2.02 ,,,,,,
Ron Brown,7, 2.00 ,,,,,,
Trevor Duckworth,9, 2.00 ,,,,,,
Walter Vanderschraaf,10, 2.00 ,,,,,,
Daver Hamilton,9, 2.00 ,,,,,,
Rygel Leone,18, 1.94 ,,,,,,
Joe Moore,20, 1.89 ,,,,,,
Nick Norena,19, 1.89 ,,,,,,
Anni Kreml,10, 1.86 ,,,,,,
Brandon Nash,30, 1.85 ,,,,,,
Matthew Christie,3, 1.83 ,,,,,,
Brad Cink,3, 1.83 ,,,,,,
Harper Alexander,35, 1.80 ,,,,,,
Matt Friesen,31, 1.71 ,,,,,,
Mike Degnan,26, 1.67 ,,,,,,
Brant Willis,4, 1.65 ,,,,,,
Anne Kreml,3, 1.65 ,,,,,,
Carl Miller,64, 1.62 ,,,,,,
Jonny Blank,80, 1.62 ,,,,,,
Drew Stancliffe,20, 1.62 ,,,,,,
Anthony Jaussaud,14, 1.58 ,,,,,,
Chris Albright,33, 1.58 ,,,,,,
Greg Randolph,36, 1.58 ,,,,,,
Mark Rozansky,91, 1.58 ,,,,,,
Filipe Wong,18, 1.58 ,,,,,,
Evan Scher,33, 1.53 ,,,,,,
Colin Sanders,170, 1.49 ,,,,,,
Curtis Bauer,4, 1.47 ,,,,,,
Ben Youngerman,15, 1.44 ,,,,,,
Patrick Smith,26, 1.44 ,,,,,,
SunRay Hawk,38, 1.44 ,,,,,,
Josh Hessler,26, 1.44 ,,,,,,
Nathan Price,6, 1.40 ,,,,,,
Chris Hart,48, 1.40 ,,,,,,
Dave Signorotti,5, 1.38 ,,,,,,
Aaron Durand,15, 1.35 ,,,,,,
Mike Epple,17, 1.35 ,,,,,,
Niel Jones,209, 1.35 ,,,,,,
Jay Grenfell,17, 1.31 ,,,,,,
Chris Morris,18, 1.26 ,,,,,,
Rob Sindelar,58, 1.26 ,,,,,,
Scott Shanbron,8, 1.25 ,,,,,,
Brad Hoover,68, 1.22 ,,,,,,
Matt Barclay,189, 1.22 ,,,,,,
Jeremiah Steinberg,177, 1.17 ,,,,,,
Kellen Martin,48, 1.17 ,,,,,,
Mike Loftin,8, 1.17 ,,,,,,
Nate Clarke,12, 1.15 ,,,,,,
Dan Duncanson,7, 1.10 ,,,,,,
Eric Winkler,3, 1.10 ,,,,,,
George Quinn,4, 1.10 ,,,,,,
Drew Vokos,13, 1.10 ,,,,,,
Geoffrey Sawyer,23, 1.08 ,,,,,,
Jake Ward,85, 1.08 ,,,,,,
Warren Sedar,205, 1.08 ,,,,,,
Dennis Condos,255, 1.04 ,,,,,,
Jon Andino,14, 0.99 ,,,,,,
Rex Crossen,22, 0.99 ,,,,,,
Chris Butterworth,14, 0.95 ,,,,,,
Jonathan San Ramon,3, 0.92 ,,,,,,
Billy Manger,107, 0.90 ,,,,,,
Brad Hart,6, 0.90 ,,,,,,
Danny Bazo,16, 0.86 ,,,,,,
Nick Trautman,5, 0.83 ,,,,,,
Drake Birkie,53, 0.81 ,,,,,,
Gabriel Coke,23, 0.81 ,,,,,,
Luke Frisher,6, 0.80 ,,,,,,
Nate Shustack,23, 0.77 ,,,,,,
David Lucas,24, 0.77 ,,,,,,
Josh Babiak,31, 0.77 ,,,,,,
Brad Everett,3, 0.73 ,,,,,,
Rick Quihillalt,7, 0.70 ,,,,,,
Gary Dunn,25, 0.68 ,,,,,,
Jeff Delgado,9, 0.67 ,,,,,,
Jake McDermott,7, 0.60 ,,,,,,
Mark Eshbaugh,15, 0.59 ,,,,,,
Calvin Hendrickson,10, 0.57 ,,,,,,
James Teets,46, 0.54 ,,,,,,
Steve Houskey,7, 0.50 ,,,,,,
Brian Lee,19, 0.50 ,,,,,,
Joe Olson,38, 0.50 ,,,,,,
Joe Martinez,37, 0.45 ,,,,,,
Nick Calabrese,11, 0.45 ,,,,,,
Michael Adelsheim,5, 0.41 ,,,,,,
Bob Proctor,4, 0.37 ,,,,,,
Brandon Nolan,4, 0.37 ,,,,,,
Phil Meeker,3, 0.37 ,,,,,,
Alex Torres,60, 0.36 ,,,,,,
Aurelius Lewicki,234, 0.36 ,,,,,,
Mark Mozuch,49, 0.36 ,,,,,,
Bubba Kennedy,9, 0.33 ,,,,,,
Kevin Raos,6, 0.30 ,,,,,,
Thomas Elder,10, 0.29 ,,,,,,
James Metzger,42, 0.27 ,,,,,,
Joe Busby,175, 0.23 ,,,,,,
Corey Godin,32, 0.18 ,,,,,,
Les Dranic,15, 0.18 ,,,,,,
Tim DeWeerd,58, 0.18 ,,,,,,
Jeff Stamper,5, 0.14 ,,,,,,
Jon Braidman,21, 0.14 ,,,,,,
Tom Kiely,17, 0.09 ,,,,,,
Jacques Duhon,20, 0.05 ,,,,,,
Zac Pape,15, 0.05 ,,,,,,
Everett Lyons,4, -   ,,,,,,
Jesse Bowers,3, -   ,,,,,,
Justin Safdie,18, -   ,,,,,,
Tim Smith,7, -   ,,,,,,
Vince Mardigras,7, -   ,,,,,,
Josh Bevalacqua,18, -   ,,,,,,
Brian Kiley,28, (0.05),,,,,,
Elena Novik,22, (0.05),,,,,,
Tony Guerrero,21, (0.05),,,,,,
Thad Roa,19, (0.09),,,,,,
Derf Lewis,120, (0.14),,,,,,
Mark Anderson,53, (0.14),,,,,,
KC Seymour,7, (0.16),,,,,,
Adam Barrett,5, (0.18),,,,,,
Chris Poole,18, (0.18),,,,,,
Paul Kinney,31, (0.18),,,,,,
Chris Chow,8, (0.20),,,,,,
Trevor Vigoren,45, (0.23),,,,,,
Chris Clinton,14, (0.23),,,,,,
James Proctor,3, (0.23),,,,,,
Matt Christenson,3, (0.23),,,,,,
Miles Streb,4, (0.23),,,,,,
Tim Emmott,3, (0.23),,,,,,
John Stewart,22, (0.27),,,,,,
Jonathan Ogan,73, (0.27),,,,,,
Brent Allard,34, (0.27),,,,,,
Gregg Bohne,17, (0.32),,,,,,
Ron Schreier,176, (0.32),,,,,,
Arne Johnson,5, (0.35),,,,,,
Nate Ringor,36, (0.45),,,,,,
Luiz Celeste,33, (0.45),,,,,,
John Drago,30, (0.45),,,,,,
Mike Scheider,4, (0.47),,,,,,
TJ Rigney,9, (0.47),,,,,,
Alan Musselman,47, (0.50),,,,,,
Matt Poland,132, (0.50),,,,,,
Chris Isom,88, (0.50),,,,,,
Scott Sliauzis,5, (0.53),,,,,,
Chris Culp,95, (0.59),,,,,,
Chuck Boyle,60, (0.59),,,,,,
Misha Wilkinson,21, (0.59),,,,,,
Brandon Beam,20, (0.59),,,,,,
Edward Tomasini,11, (0.62),,,,,,
Keith Peedle,53, (0.68),,,,,,
Dave Lender,5, (0.70),,,,,,
Juan Fielding,4, (0.70),,,,,,
Keek Solorio,4, (0.70),,,,,,
Chris Kennedy,82, (0.72),,,,,,
Eric Stucker,36, (0.72),,,,,,
Adrian Cormier,9, (0.80),,,,,,
Mike Alvarez,7, (0.80),,,,,,
Scott McDonald,6, (0.80),,,,,,
Cody Kite,24, (0.86),,,,,,
Tad Thrower,5, (0.88),,,,,,
Jeremiah Palmerston,6, (0.88),,,,,,
Jesse Pemberton,66, (0.90),,,,,,
Andy Somers,16, (0.90),,,,,,
Dominc Torus,3, (0.93),,,,,,
Reed McCue,3, (0.93),,,,,,
Roji Behr,8, (0.93),,,,,,
Matt Duncanson,33, (0.95),,,,,,
Michael Thede,5, (0.96),,,,,,
Mike Gaspar,9, (1.00),,,,,,
Michael DeBolt,7, (1.04),,,,,,
Robert Martin,5, (1.14),,,,,,
Cowboy Johnson,4, (1.17),,,,,,
Delmar Vandeburg,4, (1.17),,,,,,
Michael Debott,3, (1.17),,,,,,
Corey Higdon,9, (1.20),,,,,,
Eric Jensen,9, (1.20),,,,,,
Chris Simmons,30, (1.26),,,,,,
Louie Michard,6, (1.28),,,,,,
Jeff DeForr,12, (1.30),,,,,,
Nate Stone,13, (1.30),,,,,,
Barry Kane,10, (1.31),,,,,,
Evan Bennett,8, (1.33),,,,,,
Jacob Aftreth,12, (1.35),,,,,,
Sean Saxton,16, (1.35),,,,,,
Wain Owings,22, (1.40),,,,,,
Jeremy Frittey,3, (1.40),,,,,,
Becky Terrill,75, (1.44),,,,,,
Jason Golz,14, (1.44),,,,,,
Jeremy Leeds,8, (1.47),,,,,,
Jose Yasol,7, (1.52),,,,,,
Ilya Alexakhin,8, (1.53),,,,,,
Adam Sullivan,20, (1.58),,,,,,
Alaw Guo,111, (1.58),,,,,,
Doug Bushey,5, (1.58),,,,,,
Jacob Demott,6, (1.60),,,,,,
Christopher Brantingham,14, (1.62),,,,,,
Ben Dugas,4, (1.63),,,,,,
Jim Schneider,4, (1.63),,,,,,
Ken Vierra,3, (1.63),,,,,,
Donnie Clarke,15, (1.67),,,,,,
Alex Kremen,26, (1.71),,,,,,
Clovis Boureille,14, (1.71),,,,,,
Mark Churchill,22, (1.76),,,,,,
Josh Roa,14, (1.80),,,,,,
Rama Pederson,5, (1.84),,,,,,
Rocky Mullin,4, (1.87),,,,,,
Ben Unger,3, (1.87),,,,,,
Daniel Rossillon,4, (1.87),,,,,,
Richard Sanders,3, (1.87),,,,,,
Pete Kozlowski,48, (1.89),,,,,,
Dmitri Kononov,13, (1.90),,,,,,
Arthur Soma,35, (1.98),,,,,,
Marc Samuel,34, (1.98),,,,,,
Sarah Amaya,29, (2.03),,,,,,
Andy Hart,4, (2.10),,,,,,
Pat Duff,3, (2.10),,,,,,
Daniel Diodato,3, (2.10),,,,,,
Kelsey Wilmerding,11, (2.14),,,,,,
Reggie Jackson,15, (2.16),,,,,,
Michael Infusino,11, (2.19),,,,,,
Tom Grant,9, (2.20),,,,,,
Matt Clarke,12, (2.20),,,,,,
Daniel Tarango,296, (2.21),,,,,,
Tim Nightway,30, (2.21),,,,,,
Neal Hoellwarth,7, (2.24),,,,,,
Justin Bragg,4, (2.33),,,,,,
Dan Campos,4, (2.33),,,,,,
Patrick Bohlen,20, (2.48),,,,,,
Dave Moynes,10, (2.51),,,,,,
Jeromey Ingalls,14, (2.52),,,,,,
Dave Walker,8, (2.53),,,,,,
Alan Uskert,5, (2.54),,,,,,
Mike Capeto,7, (2.56),,,,,,
Peter Davy,25, (2.57),,,,,,
Josh Hewins,3, (2.57),,,,,,
Scotty O'Neil,3, (2.57),,,,,,
Burton Li,4, (2.57),,,,,,
Joe Frediani,9, (2.60),,,,,,
Kevin Malone,13, (2.65),,,,,,
Randy Pace,27, (2.70),,,,,,
Tai Madama,17, (2.79),,,,,,
Nick Shaw,4, (2.80),,,,,,
Adame Brunner,8, (2.80),,,,,,
Tim Stevens,9, (2.80),,,,,,
Andy Nguyen,43, (2.84),,,,,,
Blaise Panfalone,37, (2.84),,,,,,
Carl Gustavsson,27, (2.84),,,,,,
Kyle McCann,34, (2.88),,,,,,
Ted Hennings,5, (2.89),,,,,,
Mike Spencer,3, (2.92),,,,,,
Chance Linkenbach,5, (2.98),,,,,,
Brad King,154, (3.06),,,,,,
Dennis Bevalacqua,8, (3.07),,,,,,
Ben Himlan,14, (3.11),,,,,,
Quentin Gill,9, (3.13),,,,,,
Harry Snodgrass,28, (3.15),,,,,,
Jeffery Bowling,39, (3.15),,,,,,
JP Haverkamp,13, (3.15),,,,,,
Aaron Kirby,12, (3.15),,,,,,
Leon Iniguez,14, (3.24),,,,,,
Ian Thomas,4, (3.27),,,,,,
Nate Hagner,3, (3.27),,,,,,
Steven Johnson,4, (3.27),,,,,,
Chris Sherwood,23, (3.33),,,,,,
Kumar Chaudhari,71, (3.33),,,,,,
Paul Cunningham,25, (3.38),,,,,,
Leon Roubinian,19, (3.38),,,,,,
Moon Johnson,7, (3.44),,,,,,
Gani Urgino,5, (3.50),,,,,,
Mike Wilson,4, (3.50),,,,,,
Paul Brenner,4, (3.50),,,,,,
Michael Alexander,3, (3.50),,,,,,
Zach Robinson,6, (3.52),,,,,,
Mark Young,8, (3.53),,,,,,
John Kishimoto,3, (3.62),,,,,,
Gonzolo Arestizabal,36, (3.65),,,,,,
Matt Forehand,18, (3.65),,,,,,
Joel Berghoff,4, (3.73),,,,,,
Steve Stonehouse,4, (3.73),,,,,,
Mike Vanderburg,4, (3.73),,,,,,
Warren McCormick,21, (3.74),,,,,,
Geoff Goss,13, (3.75),,,,,,
Joe Harrigan,11, (3.77),,,,,,
Justin Atchley,12, (3.80),,,,,,
Jerry Showman,3, (3.85),,,,,,
Damien Howai,4, (3.85),,,,,,
Joe Levin,8, (3.87),,,,,,
Jason Chinn,27, (3.87),,,,,,
Brad Pricer,24, (3.96),,,,,,
Jeremy Krupp,36, (3.96),,,,,,
Julian White,3, (3.97),,,,,,
Ruben Dones,5, (4.03),,,,,,
Brendan O'Reilly,78, (4.05),,,,,,
David Newgard,31, (4.05),,,,,,
Steve Schindler,6, (4.08),,,,,,
David Stubblefield,3, (4.08),,,,,,
Hans Unger,3, (4.08),,,,,,
Pat Walsh,53, (4.10),,,,,,
Pento Malekzadeh,49, (4.10),,,,,,
Mark Luers,10, (4.11),,,,,,
Tommy Lee Leighton,54, (4.14),,,,,,
Jon Marcus,3, (4.20),,,,,,
Wade Goodway,5, (4.20),,,,,,
Yussef Milburn,3, (4.20),,,,,,
Jacob Rose,4, (4.20),,,,,,
Kim Sturdevant,64, (4.28),,,,,,
Dan Raile,14, (4.28),,,,,,
Mike Ridley,183, (4.32),,,,,,
Robert Hurkman,6, (4.32),,,,,,
Greg Durrett,16, (4.32),,,,,,
Nick Friesen,16, (4.41),,,,,,
Greg Ula,4, (4.43),,,,,,
Del Ray Livremento,3, (4.43),,,,,,
Craig Deschner,4, (4.43),,,,,,
Jason Stewart,17, (4.46),,,,,,
Sam Albadeh,35, (4.46),,,,,,
Chris Spotts,44, (4.46),,,,,,
Mike Jewett,9, (4.47),,,,,,
Mike McClure,9, (4.47),,,,,,
Juni Martins,3, (4.55),,,,,,
AJ Rosally,6, (4.56),,,,,,
Nick Nelson,10, (4.63),,,,,,
Chris Mergemekes,35, (4.68),,,,,,
Walker Quinn,5, (4.73),,,,,,
Matt Patterson,8, (4.73),,,,,,
Murray Brozinsky,8, (4.73),,,,,,
Greg Mann,12, (4.75),,,,,,
Ernie Motton,4, (4.78),,,,,,
Spyder Allen,7, (4.80),,,,,,
Todd Boschert,5, (4.90),,,,,,
Viento Nieto,32, (4.91),,,,,,
Matt Paddock,8, (4.93),,,,,,
Ty Gott,28, (4.95),,,,,,
Dan Gottheiner,6, (4.96),,,,,,
Nick Sellers,6, (4.96),,,,,,
Norbert Fovenyessy,5, (4.99),,,,,,
Kyle Maxwell,4, (5.02),,,,,,
George Kolcun,31, (5.04),,,,,,
Scooter Wilson,12, (5.05),,,,,,
Tim Anderson,11, (5.06),,,,,,
Tom McCulla,5, (5.08),,,,,,
Scott Thomas,7, (5.12),,,,,,
Jeff Hayes,8, (5.13),,,,,,
Anthony Rinquette,13, (5.20),,,,,,
Lee Rodrigues,4, (5.25),,,,,,
Danny Mazeris,4, (5.25),,,,,,
Tyler Delatorre,3, (5.25),,,,,,
Brandon Saker,9, (5.27),,,,,,
Mike Von Asten,8, (5.27),,,,,,
Will Gullickson,7, (5.28),,,,,,
Dave Hiltbrand,3, (5.37),,,,,,
Nathaniel Redmond,3, (5.37),,,,,,
Jim Oller,16, (5.54),,,,,,
Joe Fredeani,15, (5.54),,,,,,
Duane Hogarty,3, (5.60),,,,,,
Matt Cammann,3, (5.60),,,,,,
Dan Dalby,3, (5.60),,,,,,
Brandt Collings,7, (5.60),,,,,,
Thomas Bullock,8, (5.67),,,,,,
KP Hunter,23, (5.67),,,,,,
Alex Grantz,25, (5.67),,,,,,
Brian Brooks,6, (5.68),,,,,,
Joerg Bashir,6, (5.68),,,,,,
Dave McGrath,6, (5.68),,,,,,
Niles Follin,12, (5.80),,,,,,
Agnes Kavlick,4, (5.95),,,,,,
Eric Samuel,10, (6.17),,,,,,
Mark Dub,5, (6.21),,,,,,
Dan Mallahan,7, (6.24),,,,,,
Aaron Bruno,12, (6.25),,,,,,
Chad Savage,4, (6.30),,,,,,
Jeff Rosen,4, (6.30),,,,,,
Corey Kohler,3, (6.30),,,,,,
Lefty McFarland,14, (6.35),,,,,,
Peter Thayer,266, (6.39),,,,,,
Cuong Pham,7, (6.48),,,,,,
Erik Kamprud,23, (6.53),,,,,,
JP Lorrain,3, (6.53),,,,,,
Ryan Hisamoto,3, (6.53),,,,,,
Tony Rios,4, (6.53),,,,,,
Ivan Abeshaus,5, (6.65),,,,,,
John Buechner,5, (6.65),,,,,,
Joe Kenny,9, (6.67),,,,,,
Kyle Neuer,3, (6.77),,,,,,
Justin Bojorquez,22, (6.84),,,,,,
Billy O'Connor,9, (6.87),,,,,,
Nick Jaros,7, (6.88),,,,,,
Ben Torres,10, (6.91),,,,,,
Amber Clark,4, (7.00),,,,,,
Nicole Jensen,41, (7.11),,,,,,
Albert Adams,4, (7.23),,,,,,
Travis Huntington,3, (7.23),,,,,,
Dan Goodman,12, (7.30),,,,,,
Bill Dooely,3, (7.35),,,,,,
Lane Lillquist,7, (7.36),,,,,,
Gary Neely,5, (7.44),,,,,,
Mike Kornegay,4, (7.47),,,,,,
Wayne Koepcke,4, (7.47),,,,,,
Josh Schmidt,3, (7.47),,,,,,
Lauren Kopec,7, (7.52),,,,,,
Ken Rowley,13, (7.60),,,,,,
Gulya Barclay,13, (7.65),,,,,,
Anthony Archuleta,5, (7.70),,,,,,
Casey Hudson,5, (7.88),,,,,,
Stephanie Bogue,8, (7.93),,,,,,
Matt Frantz,6, (8.00),,,,,,
Aggie Kavlick,16, (8.15),,,,,,
David Murguido,4, (8.17),,,,,,
David Rounsaville,3, (8.17),,,,,,
Nate Robinson,5, (8.40),,,,,,
Tom Abbate,3, (8.40),,,,,,
William O'Hara,3, (8.40),,,,,,
Gib Green,3, (8.40),,,,,,
Tim Briggs,7, (8.40),,,,,,
David Ewell,7, (8.48),,,,,,
Southpaw Hoover,7, (8.48),,,,,,
Don Weil,9, (8.53),,,,,,
Hugh Harrell,23, (8.55),,,,,,
Jay Harper,23, (8.60),,,,,,
Ron Elder,5, (8.66),,,,,,
Leah Imanil,3, (8.75),,,,,,
Raider Robb,5, (8.75),,,,,,
Bobby Divers,3, (8.75),,,,,,
Nicoletta Godbout,5, (8.93),,,,,,
Drew Smithson,11, (9.00),,,,,,
Seth Buffin,10, (9.14),,,,,,
Dave Mahoney,9, (9.27),,,,,,
Anthony McGuiness,3, (9.33),,,,,,
Susan Zavada,5, (9.45),,,,,,
Gerald Carson,3, (9.57),,,,,,
Edmundo Rapin,4, (9.57),,,,,,
Wes Johnson,5, (9.63),,,,,,
James Mauberret,7, (9.76),,,,,,
Ernie Trevino,5, (9.80),,,,,,
Erica Norton,49, (9.81),,,,,,
Tom Campbell,6, (9.84),,,,,,
Nick Veith,14, (9.90),,,,,,
Tessa Tschantre,17, (9.99),,,,,,
Emily Scarbrough,5, (10.06),,,,,,
Val St Louis,6, (10.08),,,,,,
Deren Mehmet,3, (10.27),,,,,,
Steve Mogettum,4, (10.27),,,,,,
Jens Leerssen,5, (10.33),,,,,,
Wyman Howard,3, (10.38),,,,,,
Nate Able,5, (10.41),,,,,,
Thai Joe Sirikittikul,4, (10.50),,,,,,
Paul Kennedy,11, (10.52),,,,,,
George Marx,15, (10.62),,,,,,
Paul Fennell,3, (10.73),,,,,,
Anthony Mcginnis,3, (10.97),,,,,,
Leon Geer,70, (11.07),,,,,,
Taylor Sutherland,3, (11.43),,,,,,
Steve Devaughn,3, (11.90),,,,,,
Onid Ingapap,4, (12.25),,,,,,
Tom Fritzpatrick,4, (12.48),,,,,,
Aaron Jacks,5, (12.95),,,,,,
Raina Maes,7, (12.96),,,,,,
Keith Kukolich,9, (13.07),,,,,,
Yukari Seki,23, (13.14),,,,,,
Anne Farrell,100, (13.28),,,,,,
Bela Terhune,7, (13.28),,,,,,
Meg Walsh,3, (13.42),,,,,,
Liz Simonsen,30, (14.49),,,,,,
Eva Schmidt,19, (14.54),,,,,,
Joe Clarke,8, (15.20),,,,,,
Tony Young,9, (15.27),,,,,,
John Stack,6, (15.28),,,,,,
Geoff Anello,4, (15.87),,,,,,
Katie Moyer,4, (15.87),,,,,,
Lindsay Reynolds,10, (16.00),,,,,,
Deanna Chan,7, (16.08),,,,,,
Julia McDonald,5, (16.98),,,,,,
Ron Hanhy,17, (17.24),,,,,,
Daniel Mason,7, (19.20),,,,,,
Misty Lear,10, (19.20),,,,,,
Jake Mickelson,7, (19.44),,,,,,
Charity Anais,19, (20.43),,,,,,
Anthony Gonzales,5, (20.65),,,,,,
Jessica Janco,3, (21.93),,,,,,
Gina Benedetti,4, (23.10),,,,,,
Terri Appleton,8, (25.40),,,,,,
Julia Antunez,4, (25.43),,,,,,
Pei-Chung Lu,29, (25.61),,,,,,
Christien Harrigan,4, (28.70),,,,,,
Yurie Goto,22, (30.15),,,,,,
Alexandria Cronin,21, (30.24),,,,,,
Riley J Gibson,13, (50.95),,,,,,
A Flowers,2,,,,,,,
Aaron Thomas,1,,,,,,,
Adam Frey,2,,,,,,,
Adam Holter,1,,,,,,,
Adam Koskoff,2,,,,,,,
Adam Stielow,1,,,,,,,
Adrian Montoya,1,,,,,,,
Alan Burke,1,,,,,,,
Alan Goodway,1,,,,,,,
Albert Scaletti,1,,,,,,,
Alex Cannon,1,,,,,,,
Alex Harper,1,,,,,,,
Alex Merchant,2,,,,,,,
Alika Crooks,1,,,,,,,
Andrew Kinney,1,,,,,,,
Andrew Merritt,2,,,,,,,
Andrew Morgan,1,,,,,,,
Andy Thomas,1,,,,,,,
Antara deBourbon,1,,,,,,,
Anthony Knox,1,,,,,,,
Art Barron,1,,,,,,,
Arthur Viger,1,,,,,,,
Austin Meyers,2,,,,,,,
Beau Cleavland,1,,,,,,,
Beau Morra,1,,,,,,,
Ben Baker,1,,,,,,,
Ben Burke,1,,,,,,,
Ben Fleischmann,1,,,,,,,
Ben Hooks,1,,,,,,,
Ben Lewis,1,,,,,,,
Ben Luikart,1,,,,,,,
Ben Olding,1,,,,,,,
Ben Pepin,1,,,,,,,
Ben Peterson,1,,,,,,,
Ben Smith,1,,,,,,,
Ben Wang,1,,,,,,,
Benji Cluff,2,,,,,,,
Bill DeZenzo,1,,,,,,,
Bill Summer,1,,,,,,,
Blak Quale,1,,,,,,,
Bob Swarm,1,,,,,,,
Bobby Bohlen,2,,,,,,,
Bobby Smith,1,,,,,,,
Brad Allen,1,,,,,,,
Brad Armstrong,1,,,,,,,
Brandon Sy,1,,,,,,,
Brendan Sage,2,,,,,,,
Brian Duford,1,,,,,,,
Brian Hoover,1,,,,,,,
Brian Iverson,1,,,,,,,
Brian Long,2,,,,,,,
Brian Oxley,1,,,,,,,
Brian Schindler,1,,,,,,,
Brody Schellenberg,2,,,,,,,
Brooks Nobil,1,,,,,,,
Bryan Cole,1,,,,,,,
Bug Kennener,1,,,,,,,
Camilla Jeruberg,1,,,,,,,
Candace Archuleta,1,,,,,,,
Carrie Berloger,1,,,,,,,
Casey Farrel,1,,,,,,,
Casey Farrell,2,,,,,,,
Chad Lyles,1,,,,,,,
Charles Hopkins,2,,,,,,,
Charlie Kranz,2,,,,,,,
Charlie Zweig,1,,,,,,,
Chase Coreurran,1,,,,,,,
Chasidee Grarem,1,,,,,,,
Chingas Smith,1,,,,,,,
Chris ,1,,,,,,,
Chris Firpo,1,,,,,,,
Chris Fitzsimmons,2,,,,,,,
Chris Illes,1,,,,,,,
Chris Manno,2,,,,,,,
Chris McCarthy,1,,,,,,,
Chris Neubauer,1,,,,,,,
Chris Peyer,1,,,,,,,
Chris Richie,2,,,,,,,
Chris Sylvester,1,,,,,,,
Christian Olson,1,,,,,,,
Colin Morse,1,,,,,,,
Collin Balou,1,,,,,,,
Corey Myllenbeck,1,,,,,,,
Craig Mussay,2,,,,,,,
Craig Newell,1,,,,,,,
Craig Scott,2,,,,,,,
Craig Stephenson,1,,,,,,,
Cy Prothro,2,,,,,,,
Dakin Spain,1,,,,,,,
Damon Todd,1,,,,,,,
Dan Hardeman,1,,,,,,,
Dan McDealey,2,,,,,,,
Dan Schaefer,1,,,,,,,
Dane Spence,2,,,,,,,
Daniel Anderson,1,,,,,,,
Daniel Barbiery,1,,,,,,,
Daniel Crim,1,,,,,,,
Daniel Langmaid,1,,,,,,,
Darren Chapel,1,,,,,,,
Dave Barba,1,,,,,,,
Dave Brandon,1,,,,,,,
Dave Grant,2,,,,,,,
Dave Parnell,1,,,,,,,
Dave Pickett,1,,,,,,,
Dave Spencer,2,,,,,,,
David Axmark,2,,,,,,,
David Gamble,1,,,,,,,
David Malolepszy,1,,,,,,,
Del Porcalla,1,,,,,,,
Dennis Thygesen,2,,,,,,,
Derek Hoye,2,,,,,,,
Derek Jordan,1,,,,,,,
Derick Billings,1,,,,,,,
Derick Hoye,2,,,,,,,
Desmond Knibbs,2,,,,,,,
Devon Santy,1,,,,,,,
Dich ,1,,,,,,,
Dominic Scharer,1,,,,,,,
Don McIntyre,2,,,,,,,
Don Walters,1,,,,,,,
Dori Yanan,1,,,,,,,
Doug ,1,,,,,,,
Doug Chin,1,,,,,,,
Drew Elliott,1,,,,,,,
Dustin Adams,1,,,,,,,
Dustin Jackson,1,,,,,,,
Ed Delaney,1,,,,,,,
Erazm Pochron,1,,,,,,,
Eric ,1,,,,,,,
Eric Blind,1,,,,,,,
Eric Fitzsimmons,2,,,,,,,
Eric Herberholz,1,,,,,,,
Eric Kevorrian,1,,,,,,,
Eric Palmer,1,,,,,,,
Eric Prather,2,,,,,,,
Eric Thomassan,1,,,,,,,
Eric Townley,1,,,,,,,
Eric Webb,1,,,,,,,
Erik Carvajal,2,,,,,,,
Evan Hughes,1,,,,,,,
Everett Gomez,2,,,,,,,
Favian Bedone,1,,,,,,,
Freedom Glory,1,,,,,,,
Gabe Toren,2,,,,,,,
Gideon Steinberg,1,,,,,,,
Gil Stucker,1,,,,,,,
Gillian Yeoh,2,,,,,,,
Gloria Schindler,1,,,,,,,
Grant Dobson,1,,,,,,,
Greg Ammosan,2,,,,,,,
Greg Glands,1,,,,,,,
Greg Marter,1,,,,,,,
Greg Quiroga,1,,,,,,,
Gregg Durishan,1,,,,,,,
Gulya Brown,2,,,,,,,
Guru Khalsa,2,,,,,,,
Harold Hampton,2,,,,,,,
Holly Bowling,1,,,,,,,
Ian Edwards,2,,,,,,,
Idris Nolan,1,,,,,,,
Isaac Bromberg,1,,,,,,,
Isaac Favala,1,,,,,,,
Jack Barkley,1,,,,,,,
Jack Hanlon,2,,,,,,,
Jack Merk,1,,,,,,,
Jack Pfefferle,2,,,,,,,
Jacob Brand,1,,,,,,,
Jake Potts,1,,,,,,,
Jake Shaul,1,,,,,,,
Jake Woodall,1,,,,,,,
James Atterrudy,1,,,,,,,
James Barkes,1,,,,,,,
James Ream,1,,,,,,,
James Shook,1,,,,,,,
James Stephens,2,,,,,,,
James Stevens,1,,,,,,,
Jamie Ferro,1,,,,,,,
Jamie Tuckey,1,,,,,,,
Jan Stuck,1,,,,,,,
Jared Persinger,1,,,,,,,
Jason Delaney,1,,,,,,,
Jason Garret,1,,,,,,,
Jason Hill,1,,,,,,,
Jason Lahmani,1,,,,,,,
Jason Minjarez,1,,,,,,,
Jason Roorski,1,,,,,,,
Jason Thrower,1,,,,,,,
Jay Carvajal,2,,,,,,,
JC Garcia,2,,,,,,,
Jeff Decker,1,,,,,,,
Jeff Gomez,1,,,,,,,
Jeff McKiernan,2,,,,,,,
Jeff Munday,1,,,,,,,
Jeff Munsch,1,,,,,,,
Jeff Nakamura,2,,,,,,,
Jeff Perrigo,1,,,,,,,
Jens Nielsen,1,,,,,,,
Jer ,1,,,,,,,
Jeremy Bocchio,2,,,,,,,
Jeremy Hunter,1,,,,,,,
Jeremy Nguyen,2,,,,,,,
Jesse Coughlin,1,,,,,,,
Jesse Gazzuolo,1,,,,,,,
Jim Bobowski,2,,,,,,,
Jim Bubolask,1,,,,,,,
Jim Deasy,2,,,,,,,
Jim Dixon,1,,,,,,,
Jim Grbac,1,,,,,,,
Jim Kavanah,1,,,,,,,
Joanna Atkinson,2,,,,,,,
Joe Akhaven,1,,,,,,,
Joe Albano,1,,,,,,,
Joe Monforton,2,,,,,,,
Joe Munday,1,,,,,,,
Joel Savage,1,,,,,,,
Joel Verby,1,,,,,,,
Johanna Atklinson,1,,,,,,,
John Carter,2,,,,,,,
John Frykland,1,,,,,,,
John Gerber,1,,,,,,,
John Graham,1,,,,,,,
John Kaskela,1,,,,,,,
John Lowings,1,,,,,,,
John Olding,1,,,,,,,
John Oliva,1,,,,,,,
John Roberts,1,,,,,,,
John Robles,1,,,,,,,
John Slocum,1,,,,,,,
Jon Logan,1,,,,,,,
Jonah Larkin,1,,,,,,,
Jonah Newcomb,1,,,,,,,
Josh Braff,1,,,,,,,
Josh Newland,1,,,,,,,
Josh Otis,1,,,,,,,
Josh Reeves,1,,,,,,,
Joyce Hon,1,,,,,,,
JP Buletti,1,,,,,,,
Juan Archuleta,2,,,,,,,
Juan Carlos Roberts,2,,,,,,,
Julie Bradley,1,,,,,,,
Juniper Sheler,1,,,,,,,
Justin Leadbetter,1,,,,,,,
Karen Miller,1,,,,,,,
Karisa Herzog,1,,,,,,,
Keenan Brown,1,,,,,,,
Kelly Rowe,1,,,,,,,
Ken Storrs,2,,,,,,,
Kenny Smith,1,,,,,,,
Kevin Conner,1,,,,,,,
Kevin Jones,1,,,,,,,
Kevin Lappe,1,,,,,,,
Kevin Myers,1,,,,,,,
Kevin Royal,1,,,,,,,
Kourosh Gorgi,2,,,,,,,
Kris O'Bryan,1,,,,,,,
Kyle Olsen,2,,,,,,,
Laura Weil,1,,,,,,,
Leah Feltenstein,1,,,,,,,
Lee Leomiti,1,,,,,,,
Lenny E.P.,2,,,,,,,
Luke Olive,1,,,,,,,
Luke Weisman,1,,,,,,,
Mac Castillo,2,,,,,,,
Marc Centor,1,,,,,,,
Mario Martinez,1,,,,,,,
Mark Burgess,1,,,,,,,
Mark Favala,1,,,,,,,
Mark Humphrey,1,,,,,,,
Mark Maglio,1,,,,,,,
Mark Neal,1,,,,,,,
Mark Wilson,1,,,,,,,
Marshall Christie,1,,,,,,,
Martin Walasek,2,,,,,,,
Marty Harper,1,,,,,,,
Mat Bunnell,1,,,,,,,
Matt Deangelis,2,,,,,,,
Matt Depold,2,,,,,,,
Matt Haro,1,,,,,,,
Matt Koerner,1,,,,,,,
Matt Lida,1,,,,,,,
Matt Pushinsky,1,,,,,,,
Matt Scott,2,,,,,,,
Matt Smith,1,,,,,,,
Matt Wakefield,1,,,,,,,
Matthew Baxley,2,,,,,,,
Max McCormick,2,,,,,,,
Micah Fromkin,1,,,,,,,
Micaheal MacAnaney,1,,,,,,,
Michael Bowling,1,,,,,,,
Michael Delay,1,,,,,,,
Michael Shiloh,1,,,,,,,
Michelle Royster,2,,,,,,,
Mika Paule,1,,,,,,,
Mike Buerta,1,,,,,,,
Mike Glemen,1,,,,,,,
Mike Grossman,1,,,,,,,
Mike Holmes,1,,,,,,,
Mike Hudson,2,,,,,,,
Mike Kay,1,,,,,,,
Mike Mears,1,,,,,,,
Mike Murry,1,,,,,,,
Mike Pow,1,,,,,,,
Mike Powell,1,,,,,,,
Mike Pushinsky,1,,,,,,,
Mike Simone,2,,,,,,,
Mike Stancil,2,,,,,,,
Mikey Groulx,2,,,,,,,
Mila Spencer,1,,,,,,,
Nate Doss,1,,,,,,,
Nate Levine,2,,,,,,,
Nate Moore,1,,,,,,,
Nate Reid,2,,,,,,,
Nick Garcia,1,,,,,,,
Nick Gross,2,,,,,,,
Nick Kloeppel,1,,,,,,,
Nick Newton,1,,,,,,,
Nick Sacco,1,,,,,,,
Nick Writ,1,,,,,,,
Noah Judson,2,,,,,,,
Noah Landwher,1,,,,,,,
Oliver Bockblacker,1,,,,,,,
Orlando Bellini,2,,,,,,,
Pascal Liope,1,,,,,,,
Patrick Buck,1,,,,,,,
Patrick Mullins,1,,,,,,,
Patrick Obrien,1,,,,,,,
Paul ,1,,,,,,,
Paul Arden,2,,,,,,,
Paul Bussi,1,,,,,,,
Paul Carson,1,,,,,,,
Paul Elias,1,,,,,,,
Paul Murdock,1,,,,,,,
Perry Shustack,2,,,,,,,
Peter Bussi,1,,,,,,,
Peter Butler,1,,,,,,,
Peter Endrud,2,,,,,,,
Phillip Vonfurstonberg,2,,,,,,,
Professor Mickelson,2,,,,,,,
Putnam Daily,1,,,,,,,
Rahul Young,1,,,,,,,
Randall Marquez,1,,,,,,,
Ray Fort,1,,,,,,,
Rene Arellano,2,,,,,,,
Rich Korach,2,,,,,,,
Rich Wright,1,,,,,,,
Richard Baca,1,,,,,,,
Richard Hoffa,1,,,,,,,
Rob Bagley,2,,,,,,,
Rob Brainbridge,1,,,,,,,
Rob Housden,1,,,,,,,
Robbie Frye,2,,,,,,,
Robbie Smiley,1,,,,,,,
Robert Anderson,2,,,,,,,
Robin White,1,,,,,,,
Ron Artigues,1,,,,,,,
Rory Hodgson,1,,,,,,,
Ruben Alaniz,1,,,,,,,
Russell Jacobson,1,,,,,,,
Ryan Becker,1,,,,,,,
Ryan Carroll,2,,,,,,,
Ryan Darst,2,,,,,,,
Ryan Godfrey,1,,,,,,,
Ryan Qualls,1,,,,,,,
Ryan Tancredi,1,,,,,,,
Rylen Weyth,1,,,,,,,
Rylen Weythman,1,,,,,,,
Sal Gomez,1,,,,,,,
Sal Victor,1,,,,,,,
Sal Williamson,2,,,,,,,
Sam Bonitas,2,,,,,,,
Sam Lee,1,,,,,,,
Samir Sahouria,2,,,,,,,
Scott Harth,1,,,,,,,
Scott Hulsebus,1,,,,,,,
Scott Leebrick,1,,,,,,,
Scott McClafin,2,,,,,,,
Scott Prihoda,2,,,,,,,
Seamus Murphy,1,,,,,,,
Sean English,1,,,,,,,
Sean Hehir,1,,,,,,,
Sean Hull,2,,,,,,,
Sean Loftus,1,,,,,,,
Sean Ranick,2,,,,,,,
Sean Whatley,1,,,,,,,
Sean Wull,1,,,,,,,
Sebastian Castro,1,,,,,,,
Seth Harvey,1,,,,,,,
Seth Merrill,1,,,,,,,
Shane Aldrich,1,,,,,,,
Shasta Criss,1,,,,,,,
Shawn Bryant,2,,,,,,,
Shawn Wyman,1,,,,,,,
Shea Harper,2,,,,,,,
Silvestre Santillan,1,,,,,,,
Stan Perkins,1,,,,,,,
Stanley Madsen,2,,,,,,,
Stefan Sherwood,1,,,,,,,
Stephen Keister,2,,,,,,,
Stephen Lane,1,,,,,,,
Steve Aldrich,1,,,,,,,
Steve Cox,1,,,,,,,
Steve Garred,1,,,,,,,
Steve Starfas,1,,,,,,,
Steve Walsh,2,,,,,,,
Steven Franco,1,,,,,,,
Steven Leibof,1,,,,,,,
Steven Moore,1,,,,,,,
Stuart Hicks,2,,,,,,,
Susan Schoter,1,,,,,,,
Tait Pricer,1,,,,,,,
Taj Easton,1,,,,,,,
Taylor Hines,2,,,,,,,
Taylor Holmes,2,,,,,,,
Terry Nixon,2,,,,,,,
Thomas Geren,1,,,,,,,
Thorin Brentmar,1,,,,,,,
Tim Doukas,2,,,,,,,
Tim Heartquist,1,,,,,,,
Tim Low,1,,,,,,,
Tim McMahon,2,,,,,,,
Tim Symington,2,,,,,,,
TJ Goodwin,1,,,,,,,
Toby Schultz,1,,,,,,,
Toby Silverman,1,,,,,,,
Todd Davidson,1,,,,,,,
Todd Kirscher,1,,,,,,,
Tom ,1,,,,,,,
Tom Bellinger,1,,,,,,,
Tom McGraw,1,,,,,,,
Tom Rhodes,1,,,,,,,
Tony A,1,,,,,,,
Tony Couch,1,,,,,,,
Tony Freggiaro,1,,,,,,,
Tony Rincon,2,,,,,,,
Torrey Tuft,1,,,,,,,
Travis Bartosh,2,,,,,,,
Travis Miranda,2,,,,,,,
Trevor Rice,1,,,,,,,
Trey Dunlap,2,,,,,,,
Troy Franzen,1,,,,,,,
Tyler Rewitzer,1,,,,,,,
Valarie Jenkins,1,,,,,,,
Veronica Penn,1,,,,,,,
Wes Morrison,1,,,,,,,
Whitney Glockner,1,,,,,,,
Will Lavery,1,,,,,,,
Will Orscher,2,,,,,,,
Will Turnball,1,,,,,,,
Xander Mitman,1,,,,,,,
Zach Kimbrough,1,,,,,,,
Zach Zeneberg,1,,,,,,,
Zack Crooks,1,,,,,,,
Zanja Yudell,1,,,,,,,
Max Hietpas,1,,,,,,,
Dan Hughes,1,,,,,,,
Marni Sweetland,1,,,,,,,
Harrison Shennum,1,,,,,,,
Joesph Nolan,1,,,,,,,
Brent McCoy,1,,,,,,,
Kevin Buchanan,1,,,,,,,
Kevin Yoshimoto,1,,,,,,,
Mitch Clarke,1,,,,,,,
Victoria McCoy,1,,,,,,,
Carson Kaufman,1,,,,,,,
Andrew Talbot,1,,,,,,,
Cameron Sharman,2,,,,,,,
Choongil Fleischman,1,,,,,,,
Dylan Pounds,1,,,,,,,
Matt Wagner,2,,,,,,,
Vince DiCarlo,2,,,,,,,
Julian ,1,,,,,,,
Luke Walton,2,,,,,,,
Josh Sulier,1,,,,,,,
Brett Metzer,1,,,,,,,
Doug Coe,1,,,,,,,
Jon Oslowski,1,,,,,,,
Marci Bravo,1,,,,,,,
Patrick Ward,1,,,,,,,
Eric Sterger,1,,,,,,,
Jeremy Simmons,1,,,,,,,
Jesus Akeves,1,,,,,,,
John Braidman,2,,,,,,,
Kirk Roberts,1,,,,,,,
Mike Schindler,2,,,,,,,
Eric Cohen,1,,,,,,,
Grant Cox,1,,,,,,,
Jason Wilber,1,,,,,,,
John Szendiuch,1,,,,,,,
Jason Barrett,1,,,,,,,
Jenn Morgan,1,,,,,,,
Joe Puglise,1,,,,,,,
Marshall Roberts,1,,,,,,,
Armando Lopez,1,,,,,,,
Steve Ferguson,1,,,,,,,
Ali Schindler,1,,,,,,,
Jacob Mcneece,1,,,,,,,
Mark Emmons,1,,,,,,,
Mika Schindler,1,,,,,,,
Neil Kirkpatrick,1,,,,,,,
Zach Frerichs,2,,,,,,,
Shooter McGavin,1,,,,,,,
Brian Marabello,1,,,,,,,
Dallas Rich,1,,,,,,,
Dave Wolfe,1,,,,,,,
Patrick Rice,2,,,,,,,
Dan Burkley,2,,,,,,,
Jarett Spence,1,,,,,,,
John Standart,2,,,,,,,
Mark Van,1,,,,,,,
Aaron Couture,1,,,,,,,
Drew Porter,1,,,,,,,
Joe Mace,1,,,,,,,
Joel Aftreth,2,,,,,,,
Jon Baker,1,,,,,,,
Chad Rosen,2,,,,,,,
Dan Periotic,1,,,,,,,
Craig Shearholtz,1,,,,,,,
Kurren Sisler,1,,,,,,,
Luis Martinez,1,,,,,,,
Michael Gilbert,2,,,,,,,
Stephen Siegman,1,,,,,,,
Anthony McGlen,1,,,,,,,
Joe Norman,1,,,,,,,
Tim Matthiessen,1,,,,,,,
Elmer Caro,1,,,,,,,
Geoff Libby,2,,,,,,,
Jeff Mallahan,1,,,,,,,
Dan Barkley,2,,,,,,,
Brad McManus,2,,,,,,,
Dan Lynch,1,,,,,,,
Lucky Mickelson,2,,,,,,,
Sean Daughtery,1,,,,,,,
Benny Greisman,1,,,,,,,
Dustin Perez,2,,,,,,,
Martin Gomez,1,,,,,,,
Andrew Choate,1,,,,,,,
Dennis Ainsworth,2,,,,,,,
Chris Basuino,1,,,,,,,
Doug Fletcher,2,,,,,,,
Markus Mika,1,,,,,,,
Matt Smey,2,,,,,,,
Michael Woodruff,1,,,,,,,
Paul Ramirez,1,,,,,,,
Sam Goldenberg,1,,,,,,,
Kristen Orr,1,,,,,,,
Eric Ramirez,1,,,,,,,
Matt Rowe,1,,,,,,,
Scott Kyle,2,,,,,,,
Dan Flannigan,1,,,,,,,
David Gilad Maze,1,,,,,,,
Josh Goates,1,,,,,,,
Neil Bondy,1,,,,,,,
Ope Whalen,1,,,,,,,
Matt Larson,1,,,,,,,
Brad Coggins,1,,,,,,,
Cale Leiviska,1,,,,,,,
K.P. Hunter,1,,,,,,,
Nikko Locastro,1,,,,,,,
Robert Williamson,1,,,,,,,
Brandon Briggs,1,,,,,,,
Brandon Hightower,1,,,,,,,
Brent Rosen,1,,,,,,,
Chris Malan,1,,,,,,,
David Henning,1,,,,,,,
George Zinner,1,,,,,,,
Ian Grady,2,,,,,,,
Vanessa Provencio,1,,,,,,,
Gerald Lumpkin,1,,,,,,,
Joe Glass,1,,,,,,,
Joe Wardman,1,,,,,,,
Michael Debord,1,,,,,,,
John Siegfred,1,,,,,,,
Bill Harke,2,,,,,,,
Jason Lenahan,2,,,,,,,
Chris Gregerson,1,,,,,,,
Mike Mittman,1,,,,,,,
Shaun Black,2,,,,,,,
Eric Lukehart,1,,,,,,,
Eryck Bevan,1,,,,,,,
Jon Sigfried,1,,,,,,,
Alec Levandoshi,1,,,,,,,
Nelson Hernandez,1,,,,,,,
Bryan Wester,1,,,,,,,
Dan Duffield,2,,,,,,,
Ben Morin,1,,,,,,,
Kevin Divers,1,,,,,,,
Michael Bergmann,2,,,,,,,
Mitchell Guzman,1,,,,,,,
Nick Zwerdling,1,,,,,,,
Spencer Schultz,1,,,,,,,
Brandon Eisenhower,1,,,,,,,
Devin Suppan,2,,,,,,,
Ben Forchini,1,,,,,,,
Brenden Scroggin,1,,,,,,,
Derrick Robbins,1,,,,,,,
Jeremy Fritts,2,,,,,,,
John Donily,1,,,,,,,
Josh Aufhauser,1,,,,,,,
Kevin Nielen,1,,,,,,,
Tim Wendorf,1,,,,,,,
A.J. Gonzales,1,,,,,,,
Brandon Feisenhowfer,1,,,,,,,
Josh Lewis,1,,,,,,,
Matt Campbell,1,,,,,,,
Mike Kazarian,2,,,,,,,
Shawn Black,1,,,,,,,
Bryant Jacobs,1,,,,,,,
 Fiedler,1,,,,,,,
Adam Thompson,1,,,,,,,
Jackson Rose,1,,,,,,,
Jase Arzola,1,,,,,,,
Rob Payne,1,,,,,,,
Scott Jarvis,2,,,,,,,
Avi Hesterman,2,,,,,,,
Chris Wilson,1,,,,,,,
Daniel Thoen,2,,,,,,,
Dave Driggers,1,,,,,,,
Jason McKinley,1,,,,,,,
Steve Rowan,1,,,,,,,
Tim Van Auken,1,,,,,,,
Blake Larson,2,,,,,,,
Bryan Mangnall,2,,,,,,,
Joe Nama,1,,,,,,,
Lars Gilbert,1,,,,,,,
Russ Allison,1,,,,,,,
Ryan Brown,1,,,,,,,
Dennis Kerfeld,1,,,,,,,
Lewis Bitney,1,,,,,,,
Michael Flandes,1,,,,,,,
Steve Israel,1,,,,,,,
Walter Sans Nombre,1,,,,,,,
Dave McGrain,1,,,,,,,
Mike Vonfisten,1,,,,,,,
Chris Young,1,,,,,,,
Jakob Walter,1,,,,,,,
Nick Kite,1,,,,,,,
Aaron Hesterman,2,,,,,,,
Alan Grio,1,,,,,,,
Marcus Craighton,1,,,,,,,
Shaun Peterson,1,,,,,,,
Jacob Sanderson,1,,,,,,,
Mark Simpson,1,,,,,,,
Kevin Hansen,1,,,,,,,
Mike Coldman,1,,,,,,,
Mitch Miskoski,2,,,,,,,
Jimmy Hunt,1,,,,,,,
Sam Kincaid,1,,,,,,,
Noah Wald,2,,,,,,,
Dominic Schaner,1,,,,,,,
Mike Mccarthy,1,,,,,,,
Pat Mortonson,1,,,,,,,
Brian Henderson,1,,,,,,,
Connor Henderson,1,,,,,,,
Dan Ostrowski,2,,,,,,,
Cody Williams,2,,,,,,,
Greg Crosta,1,,,,,,,
Ludwig Sund,1,,,,,,,
Michael Bragg,1,,,,,,,
Harold King,1,,,,,,,
Zach Roetzel,1,,,,,,,
Chris Cook,1,,,,,,,
Britain walker,1,,,,,,,
Sean Jordana,1,,,,,,,
Zac Mitchell,2,,,,,,,
Andrew Cooper,1,,,,,,,
Armando Perez,2,,,,,,,
Jason Langlois,1,,,,,,,
Mark Farr,1,,,,,,,
Ben Hutchinson,1,,,,,,,
Joey London,1,,,,,,,
David Clark,1,,,,,,,
Neal Graneau,1,,,,,,,
Nick Volpe,1,,,,,,,
Rich Falzone,1,,,,,,,
Ryan Seng,1,,,,,,,
Dave Walton,1,,,,,,,
Ellen Widboom,1,,,,,,,
Jack Mulligan,1,,,,,,,
Jake Heldel,1,,,,,,,
Jamie Lougaris,1,,,,,,,
Kyle Mulligan,1,,,,,,,
Maxx Vitiello,1,,,,,,,
Neil Ryan,1,,,,,,,
Niles Ryan,1,,,,,,,
Steve Lakes,1,,,,,,,
Will Spaziani,1,,,,,,,
Casey Davenport,2,,,,,,,
Jason So,1,,,,,,,
Jeff McGowan,1,,,,,,,
Julius Brown,1,,,,,,,
Maha Ati Conner,2,,,,,,,
Mike Crain,1,,,,,,,
Tyler Dawson,1,,,,,,,
Dave Mitchell,2,,,,,,,
John Hammond,2,,,,,,,
John Schmidt,1,,,,,,,
Susan Cartwright,1,,,,,,,
Bruce Simonson,1,,,,,,,
Denis Flaschner,1,,,,,,,
Gordon Susau,1,,,,,,,
Steve Ovian,1,,,,,,,
Alfredo Oropeza,2,,,,,,,
Justin Lentz,1,,,,,,,
Zack Taylor,1,,,,,,,
Ron Hanley,1,,,,,,,
Steve Parrott,1,,,,,,,
Jackie Arehart,2,,,,,,,
Ryan Moblo,1,,,,,,,
Brian Geraghty,1,,,,,,,
Jason Johnson,1,,,,,,,
Anthony Kincade,1,,,,,,,
Rick Cunningham,1,,,,,,,
Clay Persaud,1,,,,,,,
Fred McCord,1,,,,,,,
Will Matthews,1,,,,,,,
Ian Vancil,1,,,,,,,
William Nayes,1,,,,,,,
Adam Hibble,2,,,,,,,
Brad Jones,1,,,,,,,
Jen Kearns,1,,,,,,,
John Deaver,1,,,,,,,
Tim Zebal,1,,,,,,,
Ban ,1,,,,,,,
Joe Lozano,1,,,,,,,
Patrick Nelson,2,,,,,,,
Robby Curtis,1,,,,,,,
Bart Novak,1,,,,,,,
Eddie Fitzsimmons,1,,,,,,,
Josh Dunlap,1,,,,,,,
Max Shannon,1,,,,,,,
Tim McDill,1,,,,,,,
Johne McCray,1,,,,,,,
Collin Chambers,1,,,,,,,
Seth Snyder,1,,,,,,,
Spence Wood,1,,,,,,,
Evan Baker,1,,,,,,,
Mikela Jones,1,,,,,,,
Peter Gillen,1,,,,,,,
Tristan Handleland,1,,,,,,,
Warren Applebaum,1,,,,,,,
Billy Harke,1,,,,,,,
Chris Vanleemput,2,,,,,,,
Cameron Shirley,1,,,,,,,
Jarrett Smith,1,,,,,,,
Julie Kruger,1,,,,,,,
Sasha Goldsmith,1,,,,,,,
Tony Shirley,1,,,,,,,
EJ Pavia,1,,,,,,,
Dan Aas,1,,,,,,,
Ryan McNulty,1,,,,,,,
Andrew Rankin,2,,,,,,,
Marisela Meskus,1,,,,,,,
Mike Deluccia,2,,,,,,,
Ray Muller,1,,,,,,,
Chris D'Agostino,1,,,,,,,
Christopher Composure,1,,,,,,,
Derek Ragsdale,2,,,,,,,
Andrew Monbouquette,1,,,,,,,
Basil Fraysse,1,,,,,,,
Bryan Olney,1,,,,,,,
Joe Dockery,1,,,,,,,
Kenny Storrs,1,,,,,,,
Caleb DuBridge,1,,,,,,,
Dom Volerian,1,,,,,,,
Jeff Kortis,1,,,,,,,
Jeremy Ross,1,,,,,,,
Thomas Albrecht,1,,,,,,,
Beau Jolson,1,,,,,,,
Matt Messing,1,,,,,,,
Ryan Rinalta,1,,,,,,,
Simon Lizotte,1,,,,,,,
Alex Braubach,1,,,,,,,
Caleb Wilkins,1,,,,,,,
Jason Lortella,1,,,,,,,
Shawn Wilkins,1,,,,,,,
Walker Rowe,2,,,,,,,
Dan Aus,1,,,,,,,
Matt Woods,1,,,,,,,
Schuyler Raine-Mustain,1,,,,,,,
Chris D'Agastino,1,,,,,,,
Erik Rommz,2,,,,,,,
Jordan Brooker,1,,,,,,,
A.J. Wecker,1,,,,,,,
Brian Murphy,1,,,,,,,
Brian Schoenfelder,1,,,,,,,
Jacob Tupper,1,,,,,,,
James Colangelo,1,,,,,,,
Kaey Nakae,1,,,,,,,
Kelley Green,1,,,,,,,
Kevin Bosch,1,,,,,,,
Sean Bereman,1,,,,,,,
Shaun Little,1,,,,,,,
Grand Total,296, (1.49),,,,,,
